[
{
    "model": "mainapp.core",
    "pk": 11,
    "fields": {
        "name": "home",
        "description": "",
        "sort": 0,
        "active": true
    }
},
{
    "model": "mainapp.core",
    "pk": 12,
    "fields": {
        "name": "products",
        "description": "",
        "sort": 0,
        "active": true
    }
},
{
    "model": "mainapp.core",
    "pk": 13,
    "fields": {
        "name": "history",
        "description": "",
        "sort": 0,
        "active": true
    }
},
{
    "model": "mainapp.core",
    "pk": 14,
    "fields": {
        "name": "showroom",
        "description": "",
        "sort": 0,
        "active": true
    }
},
{
    "model": "mainapp.core",
    "pk": 15,
    "fields": {
        "name": "contacts",
        "description": "",
        "sort": 0,
        "active": true
    }
},
{
    "model": "mainapp.core",
    "pk": 16,
    "fields": {
        "name": "home",
        "description": "Seat and back with upholstery made of & nbsp;cold cure foam",
        "sort": 0,
        "active": true
    }
},
{
    "model": "mainapp.core",
    "pk": 17,
    "fields": {
        "name": "office",
        "description": "Seat and back with upholstery made of & nbsp;cold cure foam",
        "sort": 0,
        "active": true
    }
},
{
    "model": "mainapp.core",
    "pk": 18,
    "fields": {
        "name": "furniture",
        "description": "Seat and back with upholstery made of & nbsp;cold cure foam",
        "sort": 0,
        "active": true
    }
},
{
    "model": "mainapp.core",
    "pk": 19,
    "fields": {
        "name": "modern",
        "description": "Seat and back with upholstery made of & nbsp;cold cure foam",
        "sort": 0,
        "active": true
    }
},
{
    "model": "mainapp.core",
    "pk": 20,
    "fields": {
        "name": "classic",
        "description": "Seat and back with upholstery made of & nbsp;cold cure foam",
        "sort": 0,
        "active": true
    }
},
{
    "model": "mainapp.core",
    "pk": 21,
    "fields": {
        "name": "Table Lamp",
        "description": "The majesty of Mountains \u2014 Ugmonk style.\n\nLorem ipsum dolor sit amet, consectetur adipisicing elit, sed do eiusmod tempor incididunt ut labore\n\net dolore magna aliqua. Ut enim ad minim veniam, quis nostrud exercitation ullamco laboris nisi ut aliquip ex ea commodo consequat. \n\nDuis aute irure dolor in reprehenderit in voluptate velit esse cillum dolore eu fugiat nulla pariatur. Excepteur sint occaecat cupidatat non proident. \n\nThe majesty of Mountains \u2014 Ugmonk style. \n\nDuis aute irure dolor in reprehenderit in voluptate velit esse cillum dolore eu fugiat nulla pariatur. Excepteur sint occaecat cupidatat non proident..\n\nLorem ipsum dolor sit amet, consectetur adipisicing elit, sed do eiusmod tempor incididunt ut labore et dolore magna aliqua. Ut enim ad minim veniam, quis nostrud exercitation ullamco laboris nisi ut aliquip ex ea commodo consequat.\n\nDuis aute irure dolor in reprehenderit in voluptate velit esse cillum dolore eu fugiat nulla pariatur. Excepteur sint occaecat cupidatat non proident. Ut enim ad minim veniam, quis nostrud exercitation ullamco laboris nisi ut aliquip ex ea commodo consequat.",
        "sort": 0,
        "active": true
    }
},
{
    "model": "mainapp.core",
    "pk": 22,
    "fields": {
        "name": "Table Lamp",
        "description": "",
        "sort": 0,
        "active": true
    }
},
{
    "model": "mainapp.core",
    "pk": 23,
    "fields": {
        "name": "Table Lamp",
        "description": "",
        "sort": 0,
        "active": true
    }
},
{
    "model": "mainapp.core",
    "pk": 24,
    "fields": {
        "name": "Table Lamp",
        "description": "",
        "sort": 0,
        "active": true
    }
},
{
    "model": "mainapp.core",
    "pk": 25,
    "fields": {
        "name": "Table Lamp",
        "description": "",
        "sort": 0,
        "active": true
    }
},
{
    "model": "mainapp.core",
    "pk": 26,
    "fields": {
        "name": "Dining Chairs",
        "description": "The majesty of Mountains \u2014 Ugmonk style.\n\nLorem ipsum dolor sit amet, consectetur adipisicing elit, sed do eiusmod tempor incididunt ut labore\n\net dolore magna aliqua. Ut enim ad minim veniam, quis nostrud exercitation ullamco laboris nisi ut aliquip ex ea commodo consequat. \n\nDuis aute irure dolor in reprehenderit in voluptate velit esse cillum dolore eu fugiat nulla pariatur. Excepteur sint occaecat cupidatat non proident. \n\nThe majesty of Mountains \u2014 Ugmonk style. \n\nDuis aute irure dolor in reprehenderit in voluptate velit esse cillum dolore eu fugiat nulla pariatur. Excepteur sint occaecat cupidatat non proident..\n\nLorem ipsum dolor sit amet, consectetur adipisicing elit, sed do eiusmod tempor incididunt ut labore et dolore magna aliqua. Ut enim ad minim veniam, quis nostrud exercitation ullamco laboris nisi ut aliquip ex ea commodo consequat.\n\nDuis aute irure dolor in reprehenderit in voluptate velit esse cillum dolore eu fugiat nulla pariatur. Excepteur sint occaecat cupidatat non proident. Ut enim ad minim veniam, quis nostrud exercitation ullamco laboris nisi ut aliquip ex ea commodo consequat.",
        "sort": 0,
        "active": true
    }
},
{
    "model": "mainapp.core",
    "pk": 27,
    "fields": {
        "name": "Dining Chairs",
        "description": "",
        "sort": 0,
        "active": true
    }
},
{
    "model": "mainapp.core",
    "pk": 28,
    "fields": {
        "name": "Dining Chairs",
        "description": "",
        "sort": 0,
        "active": true
    }
},
{
    "model": "mainapp.core",
    "pk": 29,
    "fields": {
        "name": "Pitcher Emile Henry",
        "description": "The majesty of Mountains \u2014 Ugmonk style.\n\nLorem ipsum dolor sit amet, consectetur adipisicing elit, sed do eiusmod tempor incididunt ut labore\n\net dolore magna aliqua. Ut enim ad minim veniam, quis nostrud exercitation ullamco laboris nisi ut aliquip ex ea commodo consequat. \n\nDuis aute irure dolor in reprehenderit in voluptate velit esse cillum dolore eu fugiat nulla pariatur. Excepteur sint occaecat cupidatat non proident. \n\nThe majesty of Mountains \u2014 Ugmonk style. \n\nDuis aute irure dolor in reprehenderit in voluptate velit esse cillum dolore eu fugiat nulla pariatur. Excepteur sint occaecat cupidatat non proident..\n\nLorem ipsum dolor sit amet, consectetur adipisicing elit, sed do eiusmod tempor incididunt ut labore et dolore magna aliqua. Ut enim ad minim veniam, quis nostrud exercitation ullamco laboris nisi ut aliquip ex ea commodo consequat.\n\nDuis aute irure dolor in reprehenderit in voluptate velit esse cillum dolore eu fugiat nulla pariatur. Excepteur sint occaecat cupidatat non proident. Ut enim ad minim veniam, quis nostrud exercitation ullamco laboris nisi ut aliquip ex ea commodo consequat.",
        "sort": 0,
        "active": true
    }
},
{
    "model": "mainapp.core",
    "pk": 30,
    "fields": {
        "name": "Pitcher Emile Henry",
        "description": "",
        "sort": 0,
        "active": true
    }
},
{
    "model": "mainapp.core",
    "pk": 31,
    "fields": {
        "name": "Pitcher Emile Henry",
        "description": "",
        "sort": 0,
        "active": true
    }
},
{
    "model": "mainapp.core",
    "pk": 32,
    "fields": {
        "name": "Fishnet Chair",
        "description": "The majesty of Mountains \u2014 Ugmonk style.\n\nLorem ipsum dolor sit amet, consectetur adipisicing elit, sed do eiusmod tempor incididunt ut labore\n\net dolore magna aliqua. Ut enim ad minim veniam, quis nostrud exercitation ullamco laboris nisi ut aliquip ex ea commodo consequat. \n\nDuis aute irure dolor in reprehenderit in voluptate velit esse cillum dolore eu fugiat nulla pariatur. Excepteur sint occaecat cupidatat non proident. \n\nThe majesty of Mountains \u2014 Ugmonk style. \n\nDuis aute irure dolor in reprehenderit in voluptate velit esse cillum dolore eu fugiat nulla pariatur. Excepteur sint occaecat cupidatat non proident..\n\nLorem ipsum dolor sit amet, consectetur adipisicing elit, sed do eiusmod tempor incididunt ut labore et dolore magna aliqua. Ut enim ad minim veniam, quis nostrud exercitation ullamco laboris nisi ut aliquip ex ea commodo consequat.\n\nDuis aute irure dolor in reprehenderit in voluptate velit esse cillum dolore eu fugiat nulla pariatur. Excepteur sint occaecat cupidatat non proident. Ut enim ad minim veniam, quis nostrud exercitation ullamco laboris nisi ut aliquip ex ea commodo consequat.",
        "sort": 0,
        "active": true
    }
},
{
    "model": "mainapp.core",
    "pk": 33,
    "fields": {
        "name": "Fishnet Chair",
        "description": "",
        "sort": 0,
        "active": true
    }
},
{
    "model": "mainapp.core",
    "pk": 34,
    "fields": {
        "name": "Fishnet Chair",
        "description": "",
        "sort": 0,
        "active": true
    }
},
{
    "model": "mainapp.core",
    "pk": 35,
    "fields": {
        "name": "Mortier et pilon en fonte",
        "description": "The majesty of Mountains \u2014 Ugmonk style.\n\nLorem ipsum dolor sit amet, consectetur adipisicing elit, sed do eiusmod tempor incididunt ut labore\n\net dolore magna aliqua. Ut enim ad minim veniam, quis nostrud exercitation ullamco laboris nisi ut aliquip ex ea commodo consequat. \n\nDuis aute irure dolor in reprehenderit in voluptate velit esse cillum dolore eu fugiat nulla pariatur. Excepteur sint occaecat cupidatat non proident. \n\nThe majesty of Mountains \u2014 Ugmonk style. \n\nDuis aute irure dolor in reprehenderit in voluptate velit esse cillum dolore eu fugiat nulla pariatur. Excepteur sint occaecat cupidatat non proident..\n\nLorem ipsum dolor sit amet, consectetur adipisicing elit, sed do eiusmod tempor incididunt ut labore et dolore magna aliqua. Ut enim ad minim veniam, quis nostrud exercitation ullamco laboris nisi ut aliquip ex ea commodo consequat.\n\nDuis aute irure dolor in reprehenderit in voluptate velit esse cillum dolore eu fugiat nulla pariatur. Excepteur sint occaecat cupidatat non proident. Ut enim ad minim veniam, quis nostrud exercitation ullamco laboris nisi ut aliquip ex ea commodo consequat.",
        "sort": 0,
        "active": true
    }
},
{
    "model": "mainapp.core",
    "pk": 36,
    "fields": {
        "name": "Mortier et pilon en fonte",
        "description": "",
        "sort": 0,
        "active": true
    }
},
{
    "model": "mainapp.core",
    "pk": 37,
    "fields": {
        "name": "Mortier et pilon en fonte",
        "description": "",
        "sort": 0,
        "active": true
    }
},
{
    "model": "mainapp.core",
    "pk": 38,
    "fields": {
        "name": "Seismographic Vase",
        "description": "The majesty of Mountains \u2014 Ugmonk style.\n\nLorem ipsum dolor sit amet, consectetur adipisicing elit, sed do eiusmod tempor incididunt ut labore\n\net dolore magna aliqua. Ut enim ad minim veniam, quis nostrud exercitation ullamco laboris nisi ut aliquip ex ea commodo consequat. \n\nDuis aute irure dolor in reprehenderit in voluptate velit esse cillum dolore eu fugiat nulla pariatur. Excepteur sint occaecat cupidatat non proident. \n\nThe majesty of Mountains \u2014 Ugmonk style. \n\nDuis aute irure dolor in reprehenderit in voluptate velit esse cillum dolore eu fugiat nulla pariatur. Excepteur sint occaecat cupidatat non proident..\n\nLorem ipsum dolor sit amet, consectetur adipisicing elit, sed do eiusmod tempor incididunt ut labore et dolore magna aliqua. Ut enim ad minim veniam, quis nostrud exercitation ullamco laboris nisi ut aliquip ex ea commodo consequat.\n\nDuis aute irure dolor in reprehenderit in voluptate velit esse cillum dolore eu fugiat nulla pariatur. Excepteur sint occaecat cupidatat non proident. Ut enim ad minim veniam, quis nostrud exercitation ullamco laboris nisi ut aliquip ex ea commodo consequat.",
        "sort": 0,
        "active": true
    }
},
{
    "model": "mainapp.core",
    "pk": 39,
    "fields": {
        "name": "Seismographic Vase",
        "description": "",
        "sort": 0,
        "active": true
    }
},
{
    "model": "mainapp.core",
    "pk": 40,
    "fields": {
        "name": "Seismographic Vase",
        "description": "",
        "sort": 0,
        "active": true
    }
},
{
    "model": "mainapp.core",
    "pk": 41,
    "fields": {
        "name": "Interlock Lounge",
        "description": "The majesty of Mountains \u2014 Ugmonk style.\n\nLorem ipsum dolor sit amet, consectetur adipisicing elit, sed do eiusmod tempor incididunt ut labore\n\net dolore magna aliqua. Ut enim ad minim veniam, quis nostrud exercitation ullamco laboris nisi ut aliquip ex ea commodo consequat. \n\nDuis aute irure dolor in reprehenderit in voluptate velit esse cillum dolore eu fugiat nulla pariatur. Excepteur sint occaecat cupidatat non proident. \n\nThe majesty of Mountains \u2014 Ugmonk style. \n\nDuis aute irure dolor in reprehenderit in voluptate velit esse cillum dolore eu fugiat nulla pariatur. Excepteur sint occaecat cupidatat non proident..\n\nLorem ipsum dolor sit amet, consectetur adipisicing elit, sed do eiusmod tempor incididunt ut labore et dolore magna aliqua. Ut enim ad minim veniam, quis nostrud exercitation ullamco laboris nisi ut aliquip ex ea commodo consequat.\n\nDuis aute irure dolor in reprehenderit in voluptate velit esse cillum dolore eu fugiat nulla pariatur. Excepteur sint occaecat cupidatat non proident. Ut enim ad minim veniam, quis nostrud exercitation ullamco laboris nisi ut aliquip ex ea commodo consequat.",
        "sort": 0,
        "active": true
    }
},
{
    "model": "mainapp.core",
    "pk": 42,
    "fields": {
        "name": "Interlock Lounge",
        "description": "",
        "sort": 0,
        "active": true
    }
},
{
    "model": "mainapp.core",
    "pk": 43,
    "fields": {
        "name": "Interlock Lounge",
        "description": "",
        "sort": 0,
        "active": true
    }
},
{
    "model": "mainapp.core",
    "pk": 44,
    "fields": {
        "name": "Porcelain lamp",
        "description": "The majesty of Mountains \u2014 Ugmonk style.\n\nLorem ipsum dolor sit amet, consectetur adipisicing elit, sed do eiusmod tempor incididunt ut labore\n\net dolore magna aliqua. Ut enim ad minim veniam, quis nostrud exercitation ullamco laboris nisi ut aliquip ex ea commodo consequat. \n\nDuis aute irure dolor in reprehenderit in voluptate velit esse cillum dolore eu fugiat nulla pariatur. Excepteur sint occaecat cupidatat non proident. \n\nThe majesty of Mountains \u2014 Ugmonk style. \n\nDuis aute irure dolor in reprehenderit in voluptate velit esse cillum dolore eu fugiat nulla pariatur. Excepteur sint occaecat cupidatat non proident..\n\nLorem ipsum dolor sit amet, consectetur adipisicing elit, sed do eiusmod tempor incididunt ut labore et dolore magna aliqua. Ut enim ad minim veniam, quis nostrud exercitation ullamco laboris nisi ut aliquip ex ea commodo consequat.\n\nDuis aute irure dolor in reprehenderit in voluptate velit esse cillum dolore eu fugiat nulla pariatur. Excepteur sint occaecat cupidatat non proident. Ut enim ad minim veniam, quis nostrud exercitation ullamco laboris nisi ut aliquip ex ea commodo consequat.",
        "sort": 0,
        "active": true
    }
},
{
    "model": "mainapp.core",
    "pk": 45,
    "fields": {
        "name": "Porcelain lamp",
        "description": "",
        "sort": 0,
        "active": true
    }
},
{
    "model": "mainapp.core",
    "pk": 46,
    "fields": {
        "name": "Porcelain lamp",
        "description": "",
        "sort": 0,
        "active": true
    }
},
{
    "model": "mainapp.core",
    "pk": 47,
    "fields": {
        "name": "Fiber Armchair Wood",
        "description": "The majesty of Mountains \u2014 Ugmonk style.\n\nLorem ipsum dolor sit amet, consectetur adipisicing elit, sed do eiusmod tempor incididunt ut labore\n\net dolore magna aliqua. Ut enim ad minim veniam, quis nostrud exercitation ullamco laboris nisi ut aliquip ex ea commodo consequat. \n\nDuis aute irure dolor in reprehenderit in voluptate velit esse cillum dolore eu fugiat nulla pariatur. Excepteur sint occaecat cupidatat non proident. \n\nThe majesty of Mountains \u2014 Ugmonk style. \n\nDuis aute irure dolor in reprehenderit in voluptate velit esse cillum dolore eu fugiat nulla pariatur. Excepteur sint occaecat cupidatat non proident..\n\nLorem ipsum dolor sit amet, consectetur adipisicing elit, sed do eiusmod tempor incididunt ut labore et dolore magna aliqua. Ut enim ad minim veniam, quis nostrud exercitation ullamco laboris nisi ut aliquip ex ea commodo consequat.\n\nDuis aute irure dolor in reprehenderit in voluptate velit esse cillum dolore eu fugiat nulla pariatur. Excepteur sint occaecat cupidatat non proident. Ut enim ad minim veniam, quis nostrud exercitation ullamco laboris nisi ut aliquip ex ea commodo consequat.",
        "sort": 0,
        "active": true
    }
},
{
    "model": "mainapp.core",
    "pk": 48,
    "fields": {
        "name": "Fiber Armchair Wood",
        "description": "",
        "sort": 0,
        "active": true
    }
},
{
    "model": "mainapp.core",
    "pk": 49,
    "fields": {
        "name": "Fiber Armchair Wood",
        "description": "",
        "sort": 0,
        "active": true
    }
},
{
    "model": "mainapp.core",
    "pk": 50,
    "fields": {
        "name": "Table Lamp",
        "description": "The majesty of Mountains \u2014 Ugmonk style.\n\nLorem ipsum dolor sit amet, consectetur adipisicing elit, sed do eiusmod tempor incididunt ut labore\n\net dolore magna aliqua. Ut enim ad minim veniam, quis nostrud exercitation ullamco laboris nisi ut aliquip ex ea commodo consequat. \n\nDuis aute irure dolor in reprehenderit in voluptate velit esse cillum dolore eu fugiat nulla pariatur. Excepteur sint occaecat cupidatat non proident. \n\nThe majesty of Mountains \u2014 Ugmonk style. \n\nDuis aute irure dolor in reprehenderit in voluptate velit esse cillum dolore eu fugiat nulla pariatur. Excepteur sint occaecat cupidatat non proident..\n\nLorem ipsum dolor sit amet, consectetur adipisicing elit, sed do eiusmod tempor incididunt ut labore et dolore magna aliqua. Ut enim ad minim veniam, quis nostrud exercitation ullamco laboris nisi ut aliquip ex ea commodo consequat.\n\nDuis aute irure dolor in reprehenderit in voluptate velit esse cillum dolore eu fugiat nulla pariatur. Excepteur sint occaecat cupidatat non proident. Ut enim ad minim veniam, quis nostrud exercitation ullamco laboris nisi ut aliquip ex ea commodo consequat.",
        "sort": 0,
        "active": true
    }
},
{
    "model": "mainapp.core",
    "pk": 51,
    "fields": {
        "name": "Table Lamp",
        "description": "",
        "sort": 0,
        "active": true
    }
},
{
    "model": "mainapp.core",
    "pk": 52,
    "fields": {
        "name": "Table Lamp",
        "description": "",
        "sort": 0,
        "active": true
    }
},
{
    "model": "mainapp.core",
    "pk": 53,
    "fields": {
        "name": "Kerajinan lamp",
        "description": "The majesty of Mountains \u2014 Ugmonk style.\n\nLorem ipsum dolor sit amet, consectetur adipisicing elit, sed do eiusmod tempor incididunt ut labore\n\net dolore magna aliqua. Ut enim ad minim veniam, quis nostrud exercitation ullamco laboris nisi ut aliquip ex ea commodo consequat. \n\nDuis aute irure dolor in reprehenderit in voluptate velit esse cillum dolore eu fugiat nulla pariatur. Excepteur sint occaecat cupidatat non proident. \n\nThe majesty of Mountains \u2014 Ugmonk style. \n\nDuis aute irure dolor in reprehenderit in voluptate velit esse cillum dolore eu fugiat nulla pariatur. Excepteur sint occaecat cupidatat non proident..\n\nLorem ipsum dolor sit amet, consectetur adipisicing elit, sed do eiusmod tempor incididunt ut labore et dolore magna aliqua. Ut enim ad minim veniam, quis nostrud exercitation ullamco laboris nisi ut aliquip ex ea commodo consequat.\n\nDuis aute irure dolor in reprehenderit in voluptate velit esse cillum dolore eu fugiat nulla pariatur. Excepteur sint occaecat cupidatat non proident. Ut enim ad minim veniam, quis nostrud exercitation ullamco laboris nisi ut aliquip ex ea commodo consequat.",
        "sort": 0,
        "active": true
    }
},
{
    "model": "mainapp.core",
    "pk": 54,
    "fields": {
        "name": "Kerajinan lamp",
        "description": "",
        "sort": 0,
        "active": true
    }
},
{
    "model": "mainapp.core",
    "pk": 55,
    "fields": {
        "name": "Kerajinan lamp",
        "description": "",
        "sort": 0,
        "active": true
    }
},
{
    "model": "mainapp.core",
    "pk": 56,
    "fields": {
        "name": "Tile cushion",
        "description": "The majesty of Mountains \u2014 Ugmonk style.\n\nLorem ipsum dolor sit amet, consectetur adipisicing elit, sed do eiusmod tempor incididunt ut labore\n\net dolore magna aliqua. Ut enim ad minim veniam, quis nostrud exercitation ullamco laboris nisi ut aliquip ex ea commodo consequat. \n\nDuis aute irure dolor in reprehenderit in voluptate velit esse cillum dolore eu fugiat nulla pariatur. Excepteur sint occaecat cupidatat non proident. \n\nThe majesty of Mountains \u2014 Ugmonk style. \n\nDuis aute irure dolor in reprehenderit in voluptate velit esse cillum dolore eu fugiat nulla pariatur. Excepteur sint occaecat cupidatat non proident..\n\nLorem ipsum dolor sit amet, consectetur adipisicing elit, sed do eiusmod tempor incididunt ut labore et dolore magna aliqua. Ut enim ad minim veniam, quis nostrud exercitation ullamco laboris nisi ut aliquip ex ea commodo consequat.\n\nDuis aute irure dolor in reprehenderit in voluptate velit esse cillum dolore eu fugiat nulla pariatur. Excepteur sint occaecat cupidatat non proident. Ut enim ad minim veniam, quis nostrud exercitation ullamco laboris nisi ut aliquip ex ea commodo consequat.",
        "sort": 1,
        "active": true
    }
},
{
    "model": "mainapp.core",
    "pk": 57,
    "fields": {
        "name": "Tile cushion",
        "description": "",
        "sort": 0,
        "active": true
    }
},
{
    "model": "mainapp.core",
    "pk": 58,
    "fields": {
        "name": "Tile cushion",
        "description": "",
        "sort": 0,
        "active": true
    }
},
{
    "model": "mainapp.core",
    "pk": 59,
    "fields": {
        "name": "Wall lamp",
        "description": "The majesty of Mountains \u2014 Ugmonk style.\n\nLorem ipsum dolor sit amet, consectetur adipisicing elit, sed do eiusmod tempor incididunt ut labore\n\net dolore magna aliqua. Ut enim ad minim veniam, quis nostrud exercitation ullamco laboris nisi ut aliquip ex ea commodo consequat. \n\nDuis aute irure dolor in reprehenderit in voluptate velit esse cillum dolore eu fugiat nulla pariatur. Excepteur sint occaecat cupidatat non proident. \n\nThe majesty of Mountains \u2014 Ugmonk style. \n\nDuis aute irure dolor in reprehenderit in voluptate velit esse cillum dolore eu fugiat nulla pariatur. Excepteur sint occaecat cupidatat non proident..\n\nLorem ipsum dolor sit amet, consectetur adipisicing elit, sed do eiusmod tempor incididunt ut labore et dolore magna aliqua. Ut enim ad minim veniam, quis nostrud exercitation ullamco laboris nisi ut aliquip ex ea commodo consequat.\n\nDuis aute irure dolor in reprehenderit in voluptate velit esse cillum dolore eu fugiat nulla pariatur. Excepteur sint occaecat cupidatat non proident. Ut enim ad minim veniam, quis nostrud exercitation ullamco laboris nisi ut aliquip ex ea commodo consequat.",
        "sort": 0,
        "active": true
    }
},
{
    "model": "mainapp.core",
    "pk": 60,
    "fields": {
        "name": "Wall lamp",
        "description": "",
        "sort": 0,
        "active": true
    }
},
{
    "model": "mainapp.core",
    "pk": 61,
    "fields": {
        "name": "Wall lamp",
        "description": "",
        "sort": 0,
        "active": true
    }
},
{
    "model": "mainapp.core",
    "pk": 62,
    "fields": {
        "name": "Muuto Rest Sofa",
        "description": "The majesty of Mountains \u2014 Ugmonk style.\n\nLorem ipsum dolor sit amet, consectetur adipisicing elit, sed do eiusmod tempor incididunt ut labore\n\net dolore magna aliqua. Ut enim ad minim veniam, quis nostrud exercitation ullamco laboris nisi ut aliquip ex ea commodo consequat. \n\nDuis aute irure dolor in reprehenderit in voluptate velit esse cillum dolore eu fugiat nulla pariatur. Excepteur sint occaecat cupidatat non proident. \n\nThe majesty of Mountains \u2014 Ugmonk style. \n\nDuis aute irure dolor in reprehenderit in voluptate velit esse cillum dolore eu fugiat nulla pariatur. Excepteur sint occaecat cupidatat non proident..\n\nLorem ipsum dolor sit amet, consectetur adipisicing elit, sed do eiusmod tempor incididunt ut labore et dolore magna aliqua. Ut enim ad minim veniam, quis nostrud exercitation ullamco laboris nisi ut aliquip ex ea commodo consequat.\n\nDuis aute irure dolor in reprehenderit in voluptate velit esse cillum dolore eu fugiat nulla pariatur. Excepteur sint occaecat cupidatat non proident. Ut enim ad minim veniam, quis nostrud exercitation ullamco laboris nisi ut aliquip ex ea commodo consequat.",
        "sort": 0,
        "active": true
    }
},
{
    "model": "mainapp.core",
    "pk": 63,
    "fields": {
        "name": "Muuto Rest Sofa",
        "description": "",
        "sort": 0,
        "active": true
    }
},
{
    "model": "mainapp.core",
    "pk": 64,
    "fields": {
        "name": "Muuto Rest Sofa",
        "description": "",
        "sort": 0,
        "active": true
    }
},
{
    "model": "mainapp.core",
    "pk": 65,
    "fields": {
        "name": "Reloj Clock",
        "description": "The majesty of Mountains \u2014 Ugmonk style.\n\nLorem ipsum dolor sit amet, consectetur adipisicing elit, sed do eiusmod tempor incididunt ut labore\n\net dolore magna aliqua. Ut enim ad minim veniam, quis nostrud exercitation ullamco laboris nisi ut aliquip ex ea commodo consequat. \n\nDuis aute irure dolor in reprehenderit in voluptate velit esse cillum dolore eu fugiat nulla pariatur. Excepteur sint occaecat cupidatat non proident. \n\nThe majesty of Mountains \u2014 Ugmonk style. \n\nDuis aute irure dolor in reprehenderit in voluptate velit esse cillum dolore eu fugiat nulla pariatur. Excepteur sint occaecat cupidatat non proident..\n\nLorem ipsum dolor sit amet, consectetur adipisicing elit, sed do eiusmod tempor incididunt ut labore et dolore magna aliqua. Ut enim ad minim veniam, quis nostrud exercitation ullamco laboris nisi ut aliquip ex ea commodo consequat.\n\nDuis aute irure dolor in reprehenderit in voluptate velit esse cillum dolore eu fugiat nulla pariatur. Excepteur sint occaecat cupidatat non proident. Ut enim ad minim veniam, quis nostrud exercitation ullamco laboris nisi ut aliquip ex ea commodo consequat.",
        "sort": 0,
        "active": true
    }
},
{
    "model": "mainapp.core",
    "pk": 66,
    "fields": {
        "name": "Reloj Clock",
        "description": "",
        "sort": 0,
        "active": true
    }
},
{
    "model": "mainapp.core",
    "pk": 67,
    "fields": {
        "name": "Reloj Clock",
        "description": "",
        "sort": 0,
        "active": true
    }
},
{
    "model": "mainapp.core",
    "pk": 68,
    "fields": {
        "name": "Ceiling lamp",
        "description": "The majesty of Mountains \u2014 Ugmonk style.\n\nLorem ipsum dolor sit amet, consectetur adipisicing elit, sed do eiusmod tempor incididunt ut labore\n\net dolore magna aliqua. Ut enim ad minim veniam, quis nostrud exercitation ullamco laboris nisi ut aliquip ex ea commodo consequat. \n\nDuis aute irure dolor in reprehenderit in voluptate velit esse cillum dolore eu fugiat nulla pariatur. Excepteur sint occaecat cupidatat non proident. \n\nThe majesty of Mountains \u2014 Ugmonk style. \n\nDuis aute irure dolor in reprehenderit in voluptate velit esse cillum dolore eu fugiat nulla pariatur. Excepteur sint occaecat cupidatat non proident..\n\nLorem ipsum dolor sit amet, consectetur adipisicing elit, sed do eiusmod tempor incididunt ut labore et dolore magna aliqua. Ut enim ad minim veniam, quis nostrud exercitation ullamco laboris nisi ut aliquip ex ea commodo consequat.\n\nDuis aute irure dolor in reprehenderit in voluptate velit esse cillum dolore eu fugiat nulla pariatur. Excepteur sint occaecat cupidatat non proident. Ut enim ad minim veniam, quis nostrud exercitation ullamco laboris nisi ut aliquip ex ea commodo consequat.",
        "sort": 0,
        "active": true
    }
},
{
    "model": "mainapp.core",
    "pk": 69,
    "fields": {
        "name": "Ceiling lamp",
        "description": "",
        "sort": 0,
        "active": true
    }
},
{
    "model": "mainapp.core",
    "pk": 70,
    "fields": {
        "name": "Ceiling lamp",
        "description": "",
        "sort": 0,
        "active": true
    }
},
{
    "model": "mainapp.core",
    "pk": 71,
    "fields": {
        "name": "Fishnet Chair",
        "description": "The majesty of Mountains \u2014 Ugmonk style.\n\nLorem ipsum dolor sit amet, consectetur adipisicing elit, sed do eiusmod tempor incididunt ut labore\n\net dolore magna aliqua. Ut enim ad minim veniam, quis nostrud exercitation ullamco laboris nisi ut aliquip ex ea commodo consequat. \n\nDuis aute irure dolor in reprehenderit in voluptate velit esse cillum dolore eu fugiat nulla pariatur. Excepteur sint occaecat cupidatat non proident. \n\nThe majesty of Mountains \u2014 Ugmonk style. \n\nDuis aute irure dolor in reprehenderit in voluptate velit esse cillum dolore eu fugiat nulla pariatur. Excepteur sint occaecat cupidatat non proident..\n\nLorem ipsum dolor sit amet, consectetur adipisicing elit, sed do eiusmod tempor incididunt ut labore et dolore magna aliqua. Ut enim ad minim veniam, quis nostrud exercitation ullamco laboris nisi ut aliquip ex ea commodo consequat.\n\nDuis aute irure dolor in reprehenderit in voluptate velit esse cillum dolore eu fugiat nulla pariatur. Excepteur sint occaecat cupidatat non proident. Ut enim ad minim veniam, quis nostrud exercitation ullamco laboris nisi ut aliquip ex ea commodo consequat.",
        "sort": 1,
        "active": true
    }
},
{
    "model": "mainapp.core",
    "pk": 72,
    "fields": {
        "name": "Fishnet Chair",
        "description": "",
        "sort": 0,
        "active": true
    }
},
{
    "model": "mainapp.core",
    "pk": 73,
    "fields": {
        "name": "Fishnet Chair",
        "description": "",
        "sort": 0,
        "active": true
    }
},
{
    "model": "mainapp.core",
    "pk": 74,
    "fields": {
        "name": "Danish Lounge Chair",
        "description": "The majesty of Mountains \u2014 Ugmonk style.\n\nLorem ipsum dolor sit amet, consectetur adipisicing elit, sed do eiusmod tempor incididunt ut labore\n\net dolore magna aliqua. Ut enim ad minim veniam, quis nostrud exercitation ullamco laboris nisi ut aliquip ex ea commodo consequat. \n\nDuis aute irure dolor in reprehenderit in voluptate velit esse cillum dolore eu fugiat nulla pariatur. Excepteur sint occaecat cupidatat non proident. \n\nThe majesty of Mountains \u2014 Ugmonk style. \n\nDuis aute irure dolor in reprehenderit in voluptate velit esse cillum dolore eu fugiat nulla pariatur. Excepteur sint occaecat cupidatat non proident..\n\nLorem ipsum dolor sit amet, consectetur adipisicing elit, sed do eiusmod tempor incididunt ut labore et dolore magna aliqua. Ut enim ad minim veniam, quis nostrud exercitation ullamco laboris nisi ut aliquip ex ea commodo consequat.\n\nDuis aute irure dolor in reprehenderit in voluptate velit esse cillum dolore eu fugiat nulla pariatur. Excepteur sint occaecat cupidatat non proident. Ut enim ad minim veniam, quis nostrud exercitation ullamco laboris nisi ut aliquip ex ea commodo consequat.",
        "sort": 1,
        "active": true
    }
},
{
    "model": "mainapp.core",
    "pk": 75,
    "fields": {
        "name": "Danish Lounge Chair",
        "description": "",
        "sort": 0,
        "active": true
    }
},
{
    "model": "mainapp.core",
    "pk": 76,
    "fields": {
        "name": "Danish Lounge Chair",
        "description": "",
        "sort": 0,
        "active": true
    }
},
{
    "model": "mainapp.core",
    "pk": 77,
    "fields": {
        "name": "",
        "description": "",
        "sort": 0,
        "active": true
    }
},
{
    "model": "mainapp.core",
    "pk": 78,
    "fields": {
        "name": "",
        "description": "",
        "sort": 0,
        "active": true
    }
},
{
    "model": "mainapp.core",
    "pk": 79,
    "fields": {
        "name": "",
        "description": "",
        "sort": 0,
        "active": true
    }
},
{
    "model": "mainapp.MenuPage",
    "pk": 11,
    "fields": {
        "href": "main"
    }
},
{
    "model": "mainapp.MenuPage",
    "pk": 12,
    "fields": {
        "href": "catalog"
    }
},
{
    "model": "mainapp.MenuPage",
    "pk": 13,
    "fields": {
        "href": "history"
    }
},
{
    "model": "mainapp.MenuPage",
    "pk": 14,
    "fields": {
        "href": "showroom"
    }
},
{
    "model": "mainapp.MenuPage",
    "pk": 15,
    "fields": {
        "href": "contacts"
    }
},
{
    "model": "mainapp.productcategory",
    "pk": 16,
    "fields": {
        "href": "home"
    }
},
{
    "model": "mainapp.productcategory",
    "pk": 17,
    "fields": {
        "href": "office"
    }
},
{
    "model": "mainapp.productcategory",
    "pk": 18,
    "fields": {
        "href": "furniture"
    }
},
{
    "model": "mainapp.productcategory",
    "pk": 19,
    "fields": {
        "href": "modern"
    }
},
{
    "model": "mainapp.productcategory",
    "pk": 20,
    "fields": {
        "href": "classic"
    }
},
{
    "model": "mainapp.picture",
    "pk": 22,
    "fields": {
        "image": "products_images/product-1.jpg",
        "related_obj": 21
    }
},
{
    "model": "mainapp.picture",
    "pk": 23,
    "fields": {
        "image": "products_images/product-1_2.jpg",
        "related_obj": 21
    }
},
{
    "model": "mainapp.picture",
    "pk": 24,
    "fields": {
        "image": "products_images/product-1_3.jpg",
        "related_obj": 21
    }
},
{
    "model": "mainapp.picture",
    "pk": 27,
    "fields": {
        "image": "products_images/product-2.jpg",
        "related_obj": 26
    }
},
{
    "model": "mainapp.picture",
    "pk": 30,
    "fields": {
        "image": "products_images/product-3.jpg",
        "related_obj": 29
    }
},
{
    "model": "mainapp.picture",
    "pk": 33,
    "fields": {
        "image": "products_images/product-4.jpg",
        "related_obj": 32
    }
},
{
    "model": "mainapp.picture",
    "pk": 36,
    "fields": {
        "image": "products_images/product-5.jpg",
        "related_obj": 35
    }
},
{
    "model": "mainapp.picture",
    "pk": 39,
    "fields": {
        "image": "products_images/product-6.jpg",
        "related_obj": 38
    }
},
{
    "model": "mainapp.picture",
    "pk": 42,
    "fields": {
        "image": "products_images/product-7.jpg",
        "related_obj": 41
    }
},
{
    "model": "mainapp.picture",
    "pk": 45,
    "fields": {
        "image": "products_images/product-11.jpg",
        "related_obj": 44
    }
},
{
    "model": "mainapp.picture",
    "pk": 48,
    "fields": {
        "image": "products_images/product-21.jpg",
        "related_obj": 47
    }
},
{
    "model": "mainapp.picture",
    "pk": 51,
    "fields": {
        "image": "products_images/product-31.jpg",
        "related_obj": 50
    }
},
{
    "model": "mainapp.picture",
    "pk": 54,
    "fields": {
        "image": "products_images/product-41.jpg",
        "related_obj": 53
    }
},
{
    "model": "mainapp.picture",
    "pk": 57,
    "fields": {
        "image": "products_images/product-1-lg.jpg",
        "related_obj": 56
    }
},
{
    "model": "mainapp.picture",
    "pk": 60,
    "fields": {
        "image": "products_images/product-2-sm.jpg",
        "related_obj": 59
    }
},
{
    "model": "mainapp.picture",
    "pk": 63,
    "fields": {
        "image": "products_images/product-3-sm.jpg",
        "related_obj": 62
    }
},
{
    "model": "mainapp.picture",
    "pk": 66,
    "fields": {
        "image": "products_images/product-4-sm.jpg",
        "related_obj": 65
    }
},
{
    "model": "mainapp.picture",
    "pk": 69,
    "fields": {
        "image": "products_images/product-5-sm.jpg",
        "related_obj": 68
    }
},
{
    "model": "mainapp.picture",
    "pk": 72,
    "fields": {
        "image": "products_images/promo-img1.jpg",
        "related_obj": 71
    }
},
{
    "model": "mainapp.picture",
    "pk": 75,
    "fields": {
        "image": "products_images/promo-img2.jpg",
        "related_obj": 74
    }
},
{
    "model": "mainapp.product",
    "pk": 21,
    "fields": {
        "category": 18,
        "short_desc": "Seat and back with upholstery made of cold cure foam",
        "quantity": 2
    }
},
{
    "model": "mainapp.product",
    "pk": 26,
    "fields": {
        "category": 17,
        "short_desc": "Seat and back with upholstery made of cold cure foam",
        "quantity": 15
    }
},
{
    "model": "mainapp.product",
    "pk": 29,
    "fields": {
        "category": 16,
        "short_desc": "Seat and back with upholstery made of cold cure foam",
        "quantity": 1
    }
},
{
    "model": "mainapp.product",
    "pk": 32,
    "fields": {
        "category": 17,
        "short_desc": "Seat and back with upholstery made of cold cure foam",
        "quantity": 17
    }
},
{
    "model": "mainapp.product",
    "pk": 35,
    "fields": {
        "category": 16,
        "short_desc": "Seat and back with upholstery made of cold cure foam. Seat and back with upholstery made of cold cure foam",
        "quantity": 13
    }
},
{
    "model": "mainapp.product",
    "pk": 38,
    "fields": {
        "category": 18,
        "short_desc": "Seat and back with upholstery made of cold cure foam. Seat and back with upholstery made of cold cure foam",
        "quantity": 6
    }
},
{
    "model": "mainapp.product",
    "pk": 41,
    "fields": {
        "category": 16,
        "short_desc": "Seat and back with upholstery made of cold cure foam",
        "quantity": 17
    }
},
{
    "model": "mainapp.product",
    "pk": 44,
    "fields": {
        "category": 16,
        "short_desc": "Seat and back with upholstery made of cold cure foam. Seat and back with upholstery made of cold cure foam",
        "quantity": 10
    }
},
{
    "model": "mainapp.product",
    "pk": 47,
    "fields": {
        "category": 17,
        "short_desc": "Seat and back with upholstery made of cold cure foam. Seat and back with upholstery made of cold cure foam",
        "quantity": 17
    }
},
{
    "model": "mainapp.product",
    "pk": 50,
    "fields": {
        "category": 16,
        "short_desc": "Seat and back with upholstery made of cold cure foam. Seat and back with upholstery made of cold cure foam",
        "quantity": 13
    }
},
{
    "model": "mainapp.product",
    "pk": 53,
    "fields": {
        "category": 16,
        "short_desc": "Seat and back with upholstery made of cold cure foam. Seat and back with upholstery made of cold cure foam",
        "quantity": 12
    }
},
{
    "model": "mainapp.product",
    "pk": 56,
    "fields": {
        "category": 16,
        "short_desc": "Seat and back with upholstery made of cold cure foam.",
        "quantity": 17
    }
},
{
    "model": "mainapp.product",
    "pk": 59,
    "fields": {
        "category": 16,
        "short_desc": "Seat and back with upholstery made of cold cure foam",
        "quantity": 8
    }
},
{
    "model": "mainapp.product",
    "pk": 62,
    "fields": {
        "category": 16,
        "short_desc": "Seat and back with upholstery made of cold cure foam",
        "quantity": 2
    }
},
{
    "model": "mainapp.product",
    "pk": 65,
    "fields": {
        "category": 16,
        "short_desc": "Seat and back with upholstery made of cold cure foam",
        "quantity": 4
    }
},
{
    "model": "mainapp.product",
    "pk": 68,
    "fields": {
        "category": 16,
        "short_desc": "Seat and back with upholstery made of cold cure foam",
        "quantity": 7
    }
},
{
    "model": "mainapp.product",
    "pk": 71,
    "fields": {
        "category": 16,
        "short_desc": "Seat and back with upholstery made of cold cure foam",
        "quantity": 9
    }
},
{
    "model": "mainapp.product",
    "pk": 74,
    "fields": {
        "category": 17,
        "short_desc": "Seat and back with upholstery made of cold cure foam",
        "quantity": 13
    }
},
{
    "model": "mainapp.price",
    "pk": 25,
    "fields": {
        "price_all": "19.50",
        "price_user": "777.00",
        "related_obj": 21
    }
},
{
    "model": "mainapp.price",
    "pk": 28,
    "fields": {
        "price_all": "119.50",
        "price_user": "777.00",
        "related_obj": 26
    }
},
{
    "model": "mainapp.price",
    "pk": 31,
    "fields": {
        "price_all": "19.50",
        "price_user": "777.00",
        "related_obj": 29
    }
},
{
    "model": "mainapp.price",
    "pk": 34,
    "fields": {
        "price_all": "119.50",
        "price_user": "777.00",
        "related_obj": 32
    }
},
{
    "model": "mainapp.price",
    "pk": 37,
    "fields": {
        "price_all": "59.50",
        "price_user": "777.00",
        "related_obj": 35
    }
},
{
    "model": "mainapp.price",
    "pk": 40,
    "fields": {
        "price_all": "29.50",
        "price_user": "777.00",
        "related_obj": 38
    }
},
{
    "model": "mainapp.price",
    "pk": 43,
    "fields": {
        "price_all": "289.50",
        "price_user": "777.00",
        "related_obj": 41
    }
},
{
    "model": "mainapp.price",
    "pk": 46,
    "fields": {
        "price_all": "78.50",
        "price_user": "777.00",
        "related_obj": 44
    }
},
{
    "model": "mainapp.price",
    "pk": 49,
    "fields": {
        "price_all": "289.50",
        "price_user": "777.00",
        "related_obj": 47
    }
},
{
    "model": "mainapp.price",
    "pk": 52,
    "fields": {
        "price_all": "54.50",
        "price_user": "777.00",
        "related_obj": 50
    }
},
{
    "model": "mainapp.price",
    "pk": 55,
    "fields": {
        "price_all": "482.50",
        "price_user": "777.00",
        "related_obj": 53
    }
},
{
    "model": "mainapp.price",
    "pk": 58,
    "fields": {
        "price_all": "289.50",
        "price_user": "777.00",
        "related_obj": 56
    }
},
{
    "model": "mainapp.price",
    "pk": 61,
    "fields": {
        "price_all": "549.50",
        "price_user": "777.00",
        "related_obj": 59
    }
},
{
    "model": "mainapp.price",
    "pk": 64,
    "fields": {
        "price_all": "689.50",
        "price_user": "777.00",
        "related_obj": 62
    }
},
{
    "model": "mainapp.price",
    "pk": 67,
    "fields": {
        "price_all": "49.50",
        "price_user": "777.00",
        "related_obj": 65
    }
},
{
    "model": "mainapp.price",
    "pk": 70,
    "fields": {
        "price_all": "68.50",
        "price_user": "777.00",
        "related_obj": 68
    }
},
{
    "model": "mainapp.price",
    "pk": 73,
    "fields": {
        "price_all": "289.50",
        "price_user": "777.00",
        "related_obj": 71
    }
},
{
    "model": "mainapp.price",
    "pk": 76,
    "fields": {
        "price_all": "789.50",
        "price_user": "777.00",
        "related_obj": 74
    }
},
{
    "model": "mainapp.contact",
    "pk": 77,
    "fields": {
        "country": "CALIFORNIA",
        "sity": "Los Angeles",
        "phone": "1900-1234-5678",
        "email": "info@interior.com",
        "address": "12W 1st St.90001 Los Angeles, California"
    }
},
{
    "model": "mainapp.contact",
    "pk": 78,
    "fields": {
        "country": "CALIFORNIA",
        "sity": "San Francisco",
        "phone": "1251-1234-5678",
        "email": "info@interior.com",
        "address": "13W 1st St.90001 San Francisco, California"
    }
},
{
    "model": "mainapp.contact",
    "pk": 79,
    "fields": {
        "country": "CALIFORNIA",
        "sity": "Sacramento",
        "phone": "2583-1234-5678",
        "email": "info@interior.com",
        "address": "11W 1st St.90001 Sacramento, California"
    }
}
]
